onset	duration	nwb_table	fixcross_time	ExperimentID	trial_num	boundary_type	key	resp_value	leftright	accuracy	confidence	RT	frameName	stimuli_type	old_new	boundary1_time	boundary2_time	boundary3_time	stimCategory	Clip_name
1.06244125	7.94729625	encoding_table	0.0514525	70.0												5.06244125	3.4218465		2.0	HB_2.mp4
10.0551265	7.9986887499999995	encoding_table	9.024678999999999	70.0												12.923112999999999	14.01545575		1.0	SB_24.mp4
19.161555999999997	8.333004500000001	encoding_table	18.06693025	70.0												20.9496215			1.0	SB_11.mp4
28.589608	7.7644664999999975	encoding_table	27.50886225	70.0												32.589608			0.0	NB_23.mp4
37.274798499999996	8.265986000000005	encoding_table	36.369789749999995	70.0												41.274798499999996			0.0	NB_21.mp4
46.5705545	7.166065499999995	encoding_table	45.55569	70.0												50.5705545			0.0	NB_20.mp4
61.02876875	8.064233999999999	encoding_table	59.982893749999995	70.0												65.02876875			2.0	HB_16.mp4
70.037938	7.629767749999999	encoding_table	69.107604	70.0												71.32171075	73.83719099999999		1.0	SB_16.mp4
78.59235249999999	7.930957250000006	encoding_table	77.682456	70.0												82.59235249999999			0.0	NB_16.mp4
87.5463135	8.930501250000006	encoding_table	86.53932574999999	70.0												90.37778449999999	92.1622385		1.0	SB_18.mp4
97.399366	8.667446749999996	encoding_table	96.49139249999999	70.0												101.399366			0.0	NB_6.mp4
107.0826865	7.796445250000005	encoding_table	106.0826905	70.0												111.0826865	109.32859674999999	113.36233225	2.0	HB_6.mp4
115.836929	7.99769775	encoding_table	114.89486224999999	70.0												119.836929			0.0	NB_30.mp4
130.777759	7.964255499999979	encoding_table	129.78256075	70.0												134.777759			2.0	HB_24.mp4
139.788603	8.030660000000012	encoding_table	138.75779325	70.0												143.788603	141.63956725	145.65791525	2.0	HB_8.mp4
148.744992	8.197238249999998	encoding_table	147.83519725	70.0												152.744992			2.0	HB_19.mp4
158.02884025	8.034263999999979	encoding_table	156.9571775	70.0												163.814675			1.0	SB_13.mp4
166.985806	7.9318767499999865	encoding_table	166.0779045	70.0												170.985806	169.25069875	173.1929485	2.0	HB_13.mp4
175.96040025	8.031819750000011	encoding_table	174.93228925	70.0												179.96040025	178.83856799999998	182.180759	2.0	HB_11.mp4
189.02344	7.832155499999999	encoding_table	188.022153	70.0												193.02344			2.0	HB_29.mp4
197.88586974999998	8.064110999999997	encoding_table	196.87044649999999	70.0												202.887272			1.0	SB_15.mp4
207.04055524999998	8.033506500000016	encoding_table	205.96474425	70.0												211.04055524999998	208.678293	212.96769625	2.0	HB_12.mp4
216.02585599999998	8.031266000000016	encoding_table	215.08898524999998	70.0												220.02585599999998			0.0	NB_1.mp4
225.01221999999999	8.464248499999997	encoding_table	224.07192849999998	70.0												226.74740674999998	228.40552325	229.89528775	1.0	SB_26.mp4
239.78362024999998	7.929910500000005	encoding_table	238.85722825	70.0												243.78362024999998			0.0	NB_3.mp4
248.79272325	7.998757000000012	encoding_table	247.72828199999998	70.0												252.79272325			0.0	NB_14.mp4
257.853121	8.050063500000022	encoding_table	256.80605225	70.0												261.853121	259.40517124999997		2.0	HB_1.mp4
266.99776099999997	8.197424000000012	encoding_table	265.9190635	70.0												268.485463			1.0	SB_6.mp4
276.1431205	8.064874499999974	encoding_table	275.2111835	70.0												278.45460199999997	280.866694		1.0	SB_21.mp4
285.20805475	8.197553249999999	encoding_table	284.22359625	70.0												289.20805475	286.7675845	291.13680899999997	2.0	HB_10.mp4
294.44616375	7.996710249999978	encoding_table	293.42038225	70.0												298.44616375			0.0	NB_2.mp4
306.59670925	7.998743499999989	encoding_table	305.57735299999996	70.0												310.59670925			0.0	NB_9.mp4
315.56926949999996	8.034106500000007	encoding_table	314.6101215	70.0												319.56926949999996			0.0	NB_12.mp4
324.67554425	7.931666250000035	encoding_table	323.61913949999996	70.0												328.67554425			2.0	HB_23.mp4
333.59847249999996	8.033364250000034	encoding_table	332.622118	70.0												337.59847249999996	336.34616424999996	339.52023499999996	2.0	HB_14.mp4
342.74459049999996	7.299609000000032	encoding_table	341.64763625	70.0												346.74459049999996			0.0	NB_28.mp4
350.99988025	7.932215999999983	encoding_table	350.05885474999997	70.0												353.69813875	355.25198474999996		1.0	SB_23.mp4
360.00282899999996	8.198642750000033	encoding_table	358.94687899999997	70.0												364.00282899999996			0.0	NB_13.mp4
376.01830275	8.39727499999998	encoding_table	374.94929874999997	70.0												380.01830275	378.32849875		2.0	HB_3.mp4
385.42248424999997	8.263464499999998	encoding_table	384.43022725	70.0												389.42248424999997			0.0	NB_10.mp4
394.73776399999997	7.596189250000009	encoding_table	393.70193874999995	70.0												395.71341325	397.86168849999996	399.5080015	1.0	SB_28.mp4
403.4081255	7.965874250000013	encoding_table	402.34869449999997	70.0												407.4081255			0.0	NB_8.mp4
412.33573524999997	7.9663490000000365	encoding_table	411.38862025	70.0												416.33573524999997			0.0	NB_27.mp4
424.900337	9.165864999999997	encoding_table	423.84989125	70.0												425.97176025	427.035426		1.0	SB_22.mp4
435.16475875	7.932586000000015	encoding_table	434.08074625	70.0												440.952293			1.0	SB_9.mp4
444.210898	8.032342749999998	encoding_table	443.11197024999996	70.0												446.0544205	448.5406855		1.0	SB_17.mp4
453.33458824999997	8.032867250000038	encoding_table	452.25799574999996	70.0												457.33458824999997			0.0	NB_24.mp4
462.38280299999997	8.099931249999997	encoding_table	461.38212274999995	70.0												466.38280299999997			0.0	NB_17.mp4
475.79636725	8.197016749999989	encoding_table	474.89519125	70.0												479.79636725			0.0	NB_18.mp4
484.91110675	7.863857999999993	encoding_table	484.0080895	70.0												490.477986			1.0	SB_4.mp4
493.70879625	8.432881749999979	encoding_table	492.78960874999996	70.0												497.70879625			2.0	HB_22.mp4
503.21381475	8.232361499999968	encoding_table	502.15642275	70.0												505.13914774999995	507.33194775	509.0413125	1.0	SB_29.mp4
512.47166625	8.033321499999943	encoding_table	511.46094775	70.0												516.47166625	514.9348357499999	518.34631325	2.0	HB_9.mp4
521.5635777499999	7.996109250000018	encoding_table	520.5196737499999	70.0												525.5635777499999			0.0	NB_19.mp4
530.52118725	8.163069500000006	encoding_table	529.5754915	70.0												534.52118725			0.0	NB_7.mp4
545.23428375	8.433393749999937	encoding_table	544.3317455	70.0												547.5917539999999	548.7860175		1.0	SB_25.mp4
554.606728	8.066316000000029	encoding_table	553.68268325	70.0												558.606728			2.0	HB_20.mp4
563.7143545	7.530918499999984	encoding_table	562.68775875	70.0												567.7143545			0.0	NB_15.mp4
572.16291	8.062696500000015	encoding_table	571.25986775	70.0												576.32470625			1.0	SB_5.mp4
581.3283865	7.113588749999963	encoding_table	580.2403335	70.0												585.3283865			0.0	NB_25.mp4
589.5565097499999	7.9802250000000186	encoding_table	588.45659675	70.0												593.5565097499999	595.6160085		2.0	HB_5.mp4
621.0048577499999	8.028683500000056	encoding_table	620.029214	70.0												625.0048577499999			2.0	HB_28.mp4
630.12730875	8.099815499999977	encoding_table	629.0482675	70.0												634.12730875			0.0	NB_5.mp4
639.2599144999999	8.064830000000029	encoding_table	638.2419044999999	70.0												643.2599144999999			0.0	NB_22.mp4
648.40723625	7.53096174999996	encoding_table	647.3402249999999	70.0												650.04217025			1.0	SB_3.mp4
656.94939325	8.065746999999988	encoding_table	655.9529239999999	70.0												660.94939325	660.1766514999999	663.214025	2.0	HB_15.mp4
665.94160775	7.9338299999999435	encoding_table	665.0297194999999	70.0												671.01522625			1.0	SB_1.mp4
674.8823385	7.895964000000049	encoding_table	673.89027125	70.0												678.8823385			2.0	HB_30.mp4
689.588069	8.064696499999968	encoding_table	688.624327	70.0												693.588069			2.0	HB_18.mp4
698.7493257499999	7.983272000000056	encoding_table	697.66729375	70.0												702.7493257499999			0.0	NB_11.mp4
707.8270269999999	8.026346999999987	encoding_table	706.74745475	70.0												711.8270269999999	713.90833275		2.0	HB_4.mp4
716.8983995	8.265128249999975	encoding_table	715.868166	70.0												720.8983995			2.0	HB_27.mp4
726.1274669999999	8.664399500000059	encoding_table	725.17825625	70.0												729.04645175	730.38882525		1.0	SB_20.mp4
739.11944825	8.062028249999912	encoding_table	738.17264325	70.0												744.9724122499999			1.0	SB_12.mp4
748.20598725	8.030431249999992	encoding_table	747.1963002499999	70.0												752.20598725			2.0	HB_17.mp4
757.22971275	8.097941499999934	encoding_table	756.251148	70.0												761.22971275			2.0	HB_25.mp4
766.39340275	8.097790250000003	encoding_table	765.3424437499999	70.0												772.2178455			1.0	SB_10.mp4
775.4845134999999	6.8710702500000025	encoding_table	774.505999	70.0												779.4845134999999			0.0	NB_4.mp4
783.32330225	8.104574500000012	encoding_table	782.37021825	70.0												783.8749712499999	785.1552802499999	786.9099669999999	1.0	SB_30.mp4
796.1602537499999	7.298875250000037	encoding_table	795.1908755	70.0												799.89466125			1.0	SB_8.mp4
804.56069325	8.145237500000007	encoding_table	803.4738407499999	70.0												807.9875715			1.0	SB_14.mp4
813.6955969999999	8.232906250000042	encoding_table	812.7208264999999	70.0												816.28001175	818.5909674999999		1.0	SB_19.mp4
822.93975225	8.229758500000003	encoding_table	821.9432469999999	70.0												826.93975225			0.0	NB_26.mp4
832.1318655	8.031005249999907	encoding_table	831.1842224999999	70.0												836.1318655			2.0	HB_21.mp4
843.8821997499999	7.966479499999991	encoding_table	842.87595	70.0												846.27469075			1.0	SB_7.mp4
852.8049595	8.366700999999921	encoding_table	851.86293525	70.0												856.8049595			0.0	NB_29.mp4
862.1452859999999	8.966253000000052	encoding_table	861.1862444999999	70.0												866.1452859999999	865.544646	868.21889375	2.0	HB_7.mp4
872.13262775	7.96589449999999	encoding_table	871.1262304999999	70.0												873.67487075	875.24720825	876.6927945	1.0	SB_27.mp4
881.1147347499999	8.332489500000065	encoding_table	880.11321775	70.0												885.1147347499999			2.0	HB_26.mp4
891.3926752499999	8.165858750000098	encoding_table	890.392851	70.0												896.9216349999999			1.0	SB_2.mp4
1134.7521165	1.5612217499999588	recognition_table	1134.20223575	71.0	1.0	1.0		3.0		2.0	2.0	1.3505551034031669	NB_19_frameB.png	1.0	2.0					
1138.2345455	1.5343222500000593	recognition_table	1137.68466175	71.0	2.0	2.0		2.0		2.0	3.0	1.8678986939194147	SB_1_frameB.png	1.0	2.0					
1142.248513	1.533488000000034	recognition_table	1141.73194875	71.0	3.0	1.0		3.0		2.0	2.0	1.3545836040866561	NB_7_frameB.png	1.0	2.0					
1145.6185705	1.5352702499999396	recognition_table	1145.1520085	71.0	4.0	1.0		3.0		2.0	2.0	1.3528489803720731	NB_24_frameA.png	1.0	2.0					
1149.1171075	1.5557587499999954	recognition_table	1148.5838985	71.0	5.0	2.0		6.0		2.0	2.0	2.027900085056899	SB_2_frameB_foil.png	0.0	1.0					
1153.36066875	1.5351287499997852	recognition_table	1152.84411775	71.0	6.0	1.0		7.0		2.0	3.0	1.3526597693999065	NB_15_frameA_foil.png	0.0	1.0					
1156.8120509999999	1.5344327500001782	recognition_table	1156.262174	71.0	7.0	3.0		2.0		1.0	3.0	1.762917021434987	HB_9_frameB_foil.png	0.0	2.0					
1160.848941	1.5340304999999717	recognition_table	1160.2823832499998	71.0	8.0	3.0		2.0		2.0	3.0	1.0561047807859723	HB_2_frameA.png	1.0	2.0					
1164.14286675	1.5345680000000357	recognition_table	1163.64297175	71.0	9.0	3.0		7.0		2.0	3.0	2.061230791878188	HB_1_frameA_foil.png	0.0	1.0					
1168.2526202499998	1.5342657500000314	recognition_table	1167.7527157499999	71.0	10.0	2.0		7.0		2.0	3.0	1.7245967583585298	SB_5_frameB_foil.png	0.0	1.0					
1172.12561	1.5357417499999428	recognition_table	1171.559064	71.0	11.0	1.0		2.0		2.0	3.0	1.3532516089180717	NB_18_frameA.png	1.0	2.0					
1175.49453025	1.534923499999877	recognition_table	1175.02795075	71.0	12.0	2.0		7.0		2.0	3.0	1.528567383036716	SB_4_frameB_foil.png	0.0	1.0					
1179.1036525	1.5338369999999486	recognition_table	1178.6204565	71.0	13.0	1.0		7.0		2.0	3.0	1.3511733606865164	NB_19_frameA_foil.png	0.0	1.0					
1182.520351	1.5335792500000025	recognition_table	1182.0037802499999	71.0	14.0	3.0		6.0		1.0	2.0	1.3585599708312657	HB_1_frameB.png	1.0	1.0					
1186.1562402499999	1.5339397500001724	recognition_table	1185.5563605	71.0	15.0	2.0		2.0		2.0	3.0	2.0308910301391734	SB_3_frameA.png	1.0	2.0					
1190.25299825	1.534637499999917	recognition_table	1189.7364317499998	71.0	16.0	2.0		2.0		2.0	3.0	0.9272246495966101	SB_2_frameA.png	1.0	2.0					
1193.42004525	1.5338732499999423	recognition_table	1192.8701577499999	71.0	17.0	2.0		2.0		2.0	3.0	1.9986115794890793	SB_6_frameB.png	1.0	2.0					
1197.50056825	1.533770000000004	recognition_table	1196.96735175	71.0	18.0	2.0		7.0		2.0	3.0	0.5595051444252022	SB_2_frameB_foil.png	0.0	1.0					
1200.2131379999998	1.5348612500001764	recognition_table	1199.7298895	71.0	19.0	2.0		6.0		2.0	2.0	0.925034258456435	SB_3_frameB_foil.png	0.0	1.0					
1203.3272292499998	1.534187250000059	recognition_table	1202.744017	71.0	20.0	3.0		7.0		2.0	3.0	1.251039325055899	HB_2_frameB_foil.png	0.0	1.0					
1206.7456917499999	1.5347862500000247	recognition_table	1206.162457	71.0	21.0	1.0		2.0		2.0	3.0	1.3517052778042853	NB_6_frameA.png	1.0	2.0					
1210.32187325	1.5337262499999724	recognition_table	1209.7553297499999	71.0	22.0	1.0		3.0		2.0	2.0	1.3532579362217803	NB_25_frameB.png	1.0	2.0					
1213.827951	1.5336895000000368	recognition_table	1213.26140625	71.0	23.0	3.0		2.0		2.0	3.0	1.027985170352622	HB_4_frameB.png	1.0	2.0					
1216.99252675	1.5342094999998608	recognition_table	1216.4593025	71.0	24.0	3.0		3.0		1.0	2.0	1.052921146620065	HB_1_frameA_foil.png	0.0	2.0					
1220.249836	1.5347979999999097	recognition_table	1219.6832837499999	71.0	25.0	3.0		6.0		2.0	2.0	0.6645681832160335	HB_8_frameA_foil.png	0.0	1.0					
1223.0356367499999	1.5337655000000723	recognition_table	1222.5024007499999	71.0	26.0	3.0		7.0		1.0	3.0	1.6329252854047809	HB_4_frameB.png	1.0	1.0					
1226.830107	1.5336864999999307	recognition_table	1226.26355575	71.0	27.0	3.0		7.0		2.0	3.0	1.1026169375545578	HB_2_frameA_foil.png	0.0	1.0					
1230.157352	1.5349267500000678	recognition_table	1229.6407895	71.0	28.0	3.0		2.0		2.0	3.0	1.6534510787168983	HB_1_frameB.png	1.0	2.0					
1233.97381225	1.5505894999998873	recognition_table	1233.42394475	71.0	29.0	2.0		7.0		2.0	3.0	1.288215636915993	SB_1_frameA_foil.png	0.0	1.0					
1237.29422875	1.5333454999999958	recognition_table	1236.8276755	71.0	30.0	3.0		7.0		1.0	3.0	0.44215245588566177	HB_1_frameB.png	1.0	1.0					
1239.943478	1.533990249999988	recognition_table	1239.4268995	71.0	31.0	2.0		7.0		2.0	3.0	1.436886099370895	SB_7_frameB_foil.png	0.0	1.0					
1243.57473925	1.534266500000058	recognition_table	1242.97486	71.0	32.0	2.0		7.0		2.0	3.0	0.7655355049064383	SB_4_frameA_foil.png	0.0	1.0					
1246.51005375	1.5337564999999813	recognition_table	1246.010186	71.0	33.0	3.0		7.0		1.0	3.0	1.5000939463061513	HB_1_frameA.png	1.0	1.0					
1250.2011169999998	1.5348445000001902	recognition_table	1249.58456	71.0	34.0	1.0		2.0		2.0	3.0	1.3525484294077614	NB_1_frameB.png	1.0	2.0					
1253.66893875	1.535100249999914	recognition_table	1253.10238775	71.0	35.0	1.0		2.0		2.0	3.0	1.3501103307498852	NB_13_frameB.png	1.0	2.0					
1257.233025	1.5346862500000498	recognition_table	1256.68313425	71.0	36.0	1.0		6.0		2.0	2.0	1.35191526755807	NB_23_frameA_foil.png	0.0	1.0					
1260.683493	1.5346744999999373	recognition_table	1260.13361025	71.0	37.0	2.0		2.0		2.0	3.0	1.8114157441450516	SB_2_frameB.png	1.0	2.0					
1264.7490397499998	1.5349487500000123	recognition_table	1264.1824755	71.0	38.0	1.0		7.0		2.0	3.0	1.3533717676909873	NB_4_frameB_foil.png	0.0	1.0					
1268.1676295	1.5348444999999629	recognition_table	1267.651068	71.0	39.0	3.0		7.0		2.0	3.0	0.8457572273327969	HB_2_frameB_foil.png	0.0	1.0					
1271.06630825	1.5345357500000318	recognition_table	1270.61638975	71.0	40.0	3.0		2.0		2.0	3.0	0.5078392907889793	HB_3_frameA.png	1.0	2.0					
1273.65647875	1.5342935000001034	recognition_table	1273.1232455	71.0	41.0	2.0		7.0		2.0	3.0	1.4408589431259315	SB_1_frameB_foil.png	0.0	1.0					
1277.23366725	1.5336804999999458	recognition_table	1276.7004279999999	71.0	42.0	1.0		7.0		2.0	3.0	1.3545045775390463	NB_25_frameA_foil.png	0.0	1.0					
1280.72022125	1.5349785000000793	recognition_table	1280.13699425	71.0	43.0	2.0		2.0		2.0	3.0	0.997713326025405	SB_5_frameB.png	1.0	2.0					
1283.7665565	1.53403174999994	recognition_table	1283.26665875	71.0	44.0	3.0		3.0		2.0	2.0	1.198844998900313	HB_8_frameB.png	1.0	2.0					
1287.03808975	1.53417474999992	recognition_table	1286.5548265	71.0	45.0	3.0		2.0		2.0	3.0	1.6410263402358396	HB_5_frameA.png	1.0	2.0					
1290.7777267499998	1.5336630000001605	recognition_table	1290.22784	71.0	46.0	3.0		3.0		2.0	2.0	1.8573278027033666	HB_9_frameA.png	1.0	2.0					
1294.7740414999998	1.5337110000000393	recognition_table	1294.2241555	71.0	47.0	2.0		3.0		2.0	2.0	0.956352597771911	SB_4_frameB.png	1.0	2.0					
1297.86163625	1.534311500000058	recognition_table	1297.32841725	71.0	48.0	1.0		7.0		2.0	3.0	1.353124297253089	NB_22_frameB_foil.png	0.0	1.0					
1301.27129225	1.5338954999999714	recognition_table	1300.8047765	71.0	49.0	2.0		3.0		2.0	2.0	1.0564852307434194	SB_2_frameB.png	1.0	2.0					
1304.45612125	1.53364775	recognition_table	1303.9229275	71.0	50.0	3.0		6.0		2.0	2.0	1.9618132770701777	HB_8_frameA_foil.png	0.0	1.0					
1308.4665157499999	1.5335897500001465	recognition_table	1307.9666065	71.0	51.0	1.0		2.0		2.0	3.0	1.3532038170960732	NB_30_frameA.png	1.0	2.0					
1311.89335325	1.5337839999999687	recognition_table	1311.4101805	71.0	52.0	3.0		4.0		1.0	1.0	1.1243444624415133	HB_1_frameB_foil.png	0.0	2.0					
1315.06999875	1.5340830000000096	recognition_table	1314.6034235	71.0	53.0	2.0		7.0		2.0	3.0	1.1106069092347752	SB_8_frameA_foil.png	0.0	1.0					
1318.2815894999999	1.5338480000000345	recognition_table	1317.7650354999998	71.0	54.0	3.0		3.0		2.0	2.0	0.822488789955969	HB_5_frameA.png	1.0	2.0					
1321.18616075	1.534872999999834	recognition_table	1320.65293475	71.0	55.0	1.0		7.0		2.0	3.0	1.3523254321189597	NB_29_frameA_foil.png	0.0	1.0					
1324.73323125	1.5517344999998386	recognition_table	1324.20000975	71.0	56.0	1.0		2.0		2.0	3.0	1.3532949572545476	NB_12_frameA.png	1.0	2.0					
1328.33596225	1.5339527500000258	recognition_table	1327.7860755	71.0	57.0	1.0		6.0		2.0	2.0	1.3537619212002028	NB_21_frameA_foil.png	0.0	1.0					
1331.831949	1.5339627500000006	recognition_table	1331.2820474999999	71.0	58.0	3.0		4.0		1.0	1.0	2.897111147380201	HB_9_frameA_foil.png	0.0	2.0					
1336.76114125	1.5341945000000123	recognition_table	1336.27791925	71.0	59.0	1.0		3.0		2.0	2.0	1.3517313297634246	NB_5_frameB.png	1.0	2.0					
1340.1982725	1.5347194999999374	recognition_table	1339.698385	71.0	60.0	1.0		7.0		2.0	3.0	1.354479560162872	NB_5_frameA_foil.png	0.0	1.0					
1343.7736742499999	1.5352015000000847	recognition_table	1343.1904685	71.0	61.0	1.0		3.0		2.0	2.0	1.3506650154449744	NB_8_frameA.png	1.0	2.0					
1347.20491975	1.534784499999887	recognition_table	1346.738337	71.0	62.0	2.0		2.0		2.0	3.0	1.4190105702728033	SB_6_frameA.png	1.0	2.0					
1350.7334935	1.5343402500000138	recognition_table	1350.2169385	71.0	63.0	2.0		3.0		2.0	2.0	1.450500427163206	SB_5_frameA.png	1.0	2.0					
1354.261823	1.534700249999787	recognition_table	1353.76192625	71.0	64.0	3.0		6.0		2.0	2.0	1.0354766776727047	HB_7_frameA_foil.png	0.0	1.0					
1357.4650585	1.534700500000099	recognition_table	1356.9318225	71.0	65.0	1.0		3.0		2.0	2.0	1.3529356043436565	NB_26_frameA.png	1.0	2.0					
1360.93438	1.5340435000000525	recognition_table	1360.4511545	71.0	66.0	2.0		2.0		2.0	3.0	1.2193806852737907	SB_2_frameA.png	1.0	2.0					
1364.1691309999999	1.5341284999999516	recognition_table	1363.7025509999999	71.0	67.0	1.0		6.0		2.0	2.0	1.3526748703443445	NB_10_frameB_foil.png	0.0	1.0					
1367.673348	1.5338349999999537	recognition_table	1367.1901025	71.0	68.0	2.0		2.0		1.0	3.0	1.4372169832204236	SB_1_frameB_foil.png	0.0	2.0					
1371.31651175	1.5348362499998984	recognition_table	1370.783281	71.0	69.0	2.0		3.0		1.0	2.0	1.1925684216694208	SB_1_frameA_foil.png	0.0	2.0					
1374.666375	1.5339617499998894	recognition_table	1374.166475	71.0	70.0	1.0		2.0		2.0	3.0	1.355314868123969	NB_10_frameA.png	1.0	2.0					
1378.2261362499999	1.534223000000111	recognition_table	1377.6262522499999	71.0	71.0	3.0		4.0		2.0	1.0	0.9549349951848853	HB_1_frameA.png	1.0	2.0					
1381.293639	1.534716249999974	recognition_table	1380.76044	71.0	72.0	1.0		2.0		1.0	3.0	1.352560046085273	NB_2_frameB_foil.png	0.0	2.0					
1384.8082024999999	1.5350505000001249	recognition_table	1384.2416575	71.0	73.0	1.0		6.0		1.0	2.0	1.357541624995065	NB_22_frameA.png	1.0	1.0					
1388.3444702499999	1.5340252500000133	recognition_table	1387.82791125	71.0	74.0	1.0		3.0		1.0	2.0	1.3526157826709095	NB_3_frameA_foil.png	0.0	2.0					
1391.7464375	1.53374574999998	recognition_table	1391.2465275	71.0	75.0	2.0		7.0		1.0	3.0	1.5507652959349798	SB_7_frameB.png	1.0	1.0					
1395.38886125	1.5337405000000217	recognition_table	1394.9222802499999	71.0	76.0	2.0		3.0		2.0	2.0	2.146789317819639	SB_1_frameA.png	1.0	2.0					
1399.6017037499998	1.534125000000131	recognition_table	1399.0851412499999	71.0	77.0	2.0		7.0		1.0	3.0	1.8481054968287935	SB_4_frameB.png	1.0	1.0					
1403.532049	1.5350685000000794	recognition_table	1402.9988294999998	71.0	78.0	2.0		6.0		2.0	2.0	1.2962234376173	SB_7_frameA_foil.png	0.0	1.0					
1406.89370525	1.5339854999999716	recognition_table	1406.3771379999998	71.0	79.0	2.0		6.0		2.0	2.0	1.5372109333693516	SB_2_frameB_foil.png	0.0	1.0					
1410.49617825	1.5345602499999131	recognition_table	1409.97961375	71.0	80.0	2.0		7.0		2.0	3.0	1.4046317118045408	SB_6_frameA_foil.png	0.0	1.0					
1413.9602277499998	1.5345642500001304	recognition_table	1413.4936739999998	71.0	81.0	2.0		6.0		1.0	2.0	1.2884021335921716	SB_3_frameB.png	1.0	1.0					
1417.3694925	1.53417874999991	recognition_table	1416.83623575	71.0	82.0	2.0		7.0		1.0	3.0	1.3377614751225337	SB_8_frameB.png	1.0	1.0					
1420.78939825	1.5352097499999218	recognition_table	1420.2561779999999	71.0	83.0	2.0		6.0		2.0	2.0	1.9568614683812484	SB_2_frameA_foil.png	0.0	1.0					
1424.87815575	1.5343977499999255	recognition_table	1424.39490725	71.0	84.0	3.0		5.0		1.0	1.0	1.5675592272309586	HB_8_frameB.png	1.0	1.0					
1428.5618602499999	1.5346647500000472	recognition_table	1428.04529675	71.0	85.0	3.0		7.0		2.0	3.0	0.7630758160812547	HB_6_frameA_foil.png	0.0	1.0					
1431.3847457499999	1.5344032499999685	recognition_table	1430.9181732499999	71.0	86.0	3.0		2.0		2.0	3.0	0.9748271516727982	HB_2_frameB.png	1.0	2.0					
1434.4789167499998	1.5338157500000307	recognition_table	1433.97902275	71.0	87.0	1.0		2.0		2.0	3.0	1.3519925284053897	NB_4_frameA.png	1.0	2.0					
1437.9473047499998	1.5335165000001325	recognition_table	1437.497392	71.0	88.0	3.0		3.0		2.0	2.0	0.5284745597600704	HB_3_frameA.png	1.0	2.0					
1440.65779825	1.5343694999999116	recognition_table	1440.12456925	71.0	89.0	1.0		7.0		2.0	3.0	1.3562754210142884	NB_9_frameA_foil.png	0.0	1.0					
1444.1460445	1.5338592499999777	recognition_table	1443.5628285	71.0	90.0	1.0		3.0		1.0	2.0	1.352973997767549	NB_11_frameA_foil.png	0.0	2.0					
1447.54775925	1.5347732499999438	recognition_table	1447.04786075	71.0	91.0	3.0		4.0		2.0	1.0	1.217406638112152	HB_7_frameB.png	1.0	2.0					
1450.9580732499999	1.5341112500000236	recognition_table	1450.391516	71.0	92.0	1.0		2.0		2.0	3.0	1.3526397039822768	NB_14_frameA.png	1.0	2.0					
1454.35940125	1.534808749999911	recognition_table	1453.85953675	71.0	93.0	1.0		7.0		2.0	3.0	1.3532048817141913	NB_16_frameB_foil.png	0.0	1.0					
1457.8345465	1.5347922500000095	recognition_table	1457.36805225	71.0	94.0	1.0		3.0		1.0	2.0	1.3515907087130472	NB_20_frameB_foil.png	0.0	2.0					
1461.325676	1.5348237499999868	recognition_table	1460.8257755	71.0	95.0	1.0		2.0		2.0	3.0	1.3509467716648942	NB_15_frameB.png	1.0	2.0					
1464.8806379999999	1.53464299999996	recognition_table	1464.2641012499998	71.0	96.0	3.0		4.0		2.0	1.0	0.7368069928052137	HB_9_frameB.png	1.0	2.0					
1467.75003075	1.534780499999897	recognition_table	1467.1668184999999	71.0	97.0	3.0		5.0		1.0	1.0	1.5227291465562303	HB_7_frameA.png	1.0	1.0					
1471.4348065	1.533726500000057	recognition_table	1470.8682494999998	71.0	98.0	3.0		4.0		2.0	1.0	1.418825601809658	HB_6_frameA.png	1.0	2.0					
1474.9745242499998	1.5340860000001157	recognition_table	1474.45797025	71.0	99.0	1.0		6.0		2.0	2.0	1.3520935711858328	NB_12_frameB_foil.png	0.0	1.0					
1478.55787025	1.5344319999999243	recognition_table	1478.02463975	71.0	100.0	3.0		3.0		1.0	2.0	0.9480765909393085	HB_6_frameB_foil.png	0.0	2.0					
1481.7015365	1.533850750000056	recognition_table	1481.1683027499998	71.0	101.0	2.0		3.0		2.0	2.0	1.2369504514645087	SB_8_frameA.png	1.0	2.0					
1485.020364	1.5338167499999145	recognition_table	1484.4871655	71.0	102.0	2.0		3.0		2.0	2.0	1.556670065925573	SB_1_frameB.png	1.0	2.0					
1488.80547875	1.533892250000008	recognition_table	1488.2722557499999	71.0	103.0	3.0		7.0		2.0	3.0	1.1219478563580196	HB_4_frameA_foil.png	0.0	1.0					
1492.162861	1.5348237499999868	recognition_table	1491.6129825	71.0	104.0	1.0		6.0		2.0	2.0	1.3530985007382696	NB_13_frameA_foil.png	0.0	1.0					
1495.712644	1.533868499999926	recognition_table	1495.21275575	71.0	105.0	2.0		2.0		2.0	3.0	1.7416700895264512	SB_6_frameB.png	1.0	2.0					
1499.5528829999998	1.5349582500000452	recognition_table	1499.0029775	71.0	106.0	1.0		6.0		2.0	2.0	1.354607066285098	NB_27_frameA_foil.png	0.0	1.0					
1503.1243949999998	1.534371000000192	recognition_table	1502.60783075	71.0	107.0	1.0		2.0		2.0	3.0	1.3547054321679752	NB_2_frameA.png	1.0	2.0					
1506.621318	1.5346922500000346	recognition_table	1506.07141875	71.0	108.0	3.0		6.0		2.0	2.0	1.0247478116943967	HB_6_frameB_foil.png	0.0	1.0					
1509.87763625	1.5352092499999799	recognition_table	1509.34439925	71.0	109.0	1.0		7.0		1.0	3.0	1.3536783743911656	NB_11_frameB.png	1.0	1.0					
1513.4173429999998	1.5345330000000104	recognition_table	1512.90078675	71.0	110.0	2.0		7.0		1.0	3.0	1.025191301916493	SB_1_frameA.png	1.0	1.0					
1516.49109075	1.5337939999999435	recognition_table	1515.9912	71.0	111.0	3.0		3.0		2.0	2.0	1.408533891008119	HB_1_frameB.png	1.0	2.0					
1520.002191	1.53502299999991	recognition_table	1519.5023884999998	71.0	112.0	2.0		2.0		2.0	3.0	0.8196422079781769	SB_9_frameA.png	1.0	2.0					
1522.9207105	1.5346454999998969	recognition_table	1522.37080775	71.0	113.0	1.0		7.0		2.0	3.0	1.354687233149889	NB_17_frameA_foil.png	0.0	1.0					
1526.49367125	1.5346357500000067	recognition_table	1525.9271167499999	71.0	114.0	3.0		4.0		1.0	1.0	0.9811138677614508	HB_4_frameA_foil.png	0.0	2.0					
1529.66164	1.5342642499999783	recognition_table	1529.12841775	71.0	115.0	3.0		4.0		2.0	1.0	1.4616414984775474	HB_2_frameA.png	1.0	2.0					
1533.2995134999999	1.5338415000001078	recognition_table	1532.78296275	71.0	116.0	2.0		2.0		1.0	3.0	1.8085334519273601	SB_3_frameB_foil.png	0.0	2.0					
1537.2087635	1.5346084999998766	recognition_table	1536.708881	71.0	117.0	1.0		6.0		1.0	2.0	1.3566928287764313	NB_28_frameA.png	1.0	1.0					
1540.7054965	1.5348010000000158	recognition_table	1540.23891925	71.0	118.0	3.0		6.0		1.0	2.0	0.8811758876545355	HB_3_frameB.png	1.0	1.0					
1543.79024725	1.5339062499999727	recognition_table	1543.19036925	71.0	119.0	1.0		3.0		2.0	2.0	1.353917584332521	NB_17_frameB.png	1.0	2.0					
1547.2103465	1.5347607499998048	recognition_table	1546.743771	71.0	120.0	3.0		7.0		2.0	3.0	1.6251371998368995	HB_2_frameB_foil.png	0.0	1.0					
1550.9995474999998	1.5338932500001192	recognition_table	1550.44965325	71.0	121.0	2.0		7.0		2.0	3.0	1.6415944028703962	SB_1_frameB_foil.png	0.0	1.0					
1554.81517575	1.5352175000000443	recognition_table	1554.2986174999999	71.0	122.0	3.0		3.0		2.0	2.0	1.2353201524092583	HB_6_frameB.png	1.0	2.0					
1558.1590987499999	1.5347767499999918	recognition_table	1557.6758547499999	71.0	123.0	1.0		2.0		1.0	3.0	1.3543573107453994	NB_18_frameB_foil.png	0.0	2.0					
1561.6161547499999	1.5342500000001564	recognition_table	1561.13292525	71.0	124.0	2.0		7.0		2.0	3.0	1.2421279925329145	SB_6_frameB_foil.png	0.0	1.0					
1565.0283035	1.551723999999922	recognition_table	1564.5784294999999	71.0	125.0	2.0		7.0		1.0	3.0	1.9648288302414585	SB_5_frameA.png	1.0	1.0					
1569.082907	1.5347209999999905	recognition_table	1568.59967725	71.0	126.0	1.0		6.0		2.0	2.0	1.352576403558487	NB_7_frameA_foil.png	0.0	1.0					
1572.6385122499998	1.5347552499999892	recognition_table	1572.08862075	71.0	127.0	1.0		7.0		2.0	3.0	1.354688690713374	NB_6_frameB_foil.png	0.0	1.0					
1576.17425	1.5337667499998133	recognition_table	1575.641016	71.0	128.0	3.0		5.0		2.0	1.0	0.25948573820642196	HB_5_frameB_foil.png	0.0	1.0					
1578.5991055	1.5343502499999886	recognition_table	1578.0158964999998	71.0	129.0	3.0		5.0		2.0	1.0	1.419900618304382	HB_3_frameA_foil.png	0.0	1.0					
1582.1513575	1.5336867500000153	recognition_table	1581.568139	71.0	130.0	2.0		6.0		1.0	2.0	1.6115828483743826	SB_2_frameA.png	1.0	1.0					
1585.8281642499999	1.5338570000001255	recognition_table	1585.3115847499998	71.0	131.0	3.0		2.0		1.0	3.0	1.8108549642493017	HB_3_frameB_foil.png	0.0	2.0					
1589.75152325	1.5343699999998535	recognition_table	1589.23495975	71.0	132.0	3.0		4.0		1.0	1.0	1.976260111478041	HB_2_frameB_foil.png	0.0	2.0					
1593.9495272499998	1.5337660000000142	recognition_table	1593.3996745	71.0	133.0	2.0		6.0		2.0	2.0	1.2970738756266655	SB_9_frameB_foil.png	0.0	1.0					
1597.3619342499999	1.5343915000000834	recognition_table	1596.79539325	71.0	134.0	2.0		2.0		1.0	3.0	1.2824501032446278	SB_5_frameB_foil.png	0.0	2.0					
1600.7915785	1.533864499999936	recognition_table	1600.24168075	71.0	135.0	3.0		4.0		1.0	1.0	1.4398127253953135	HB_3_frameB_foil.png	0.0	2.0					
1604.477561	1.5345572500000344	recognition_table	1603.9276667499998	71.0	136.0	2.0		7.0		1.0	3.0	1.2560645778576145	SB_1_frameA.png	1.0	1.0					
1607.85062225	1.535021499999857	recognition_table	1607.31740425	71.0	137.0	2.0		7.0		2.0	3.0	0.9990161426103441	SB_4_frameA_foil.png	0.0	1.0					
1610.95207325	1.5348897499998202	recognition_table	1610.45217725	71.0	138.0	2.0		7.0		2.0	3.0	2.659855308040278	SB_9_frameA_foil.png	0.0	1.0					
1615.83942775	1.5341552499999125	recognition_table	1615.3228695	71.0	139.0	3.0		2.0		1.0	3.0	2.0870762720151106	HB_7_frameB_foil.png	0.0	2.0					
1619.97519875	1.5342809999999645	recognition_table	1619.47529775	71.0	140.0	2.0		2.0		1.0	3.0	0.48738448703079484	SB_1_frameA_foil.png	0.0	2.0					
1622.6918014999999	1.5340989999999692	recognition_table	1622.1419145	71.0	141.0	2.0		3.0		1.0	2.0	1.592602186705335	SB_5_frameA_foil.png	0.0	2.0					
1626.316314	1.5338462499998968	recognition_table	1625.8331202499999	71.0	142.0	2.0		6.0		1.0	2.0	1.4764547079976182	SB_9_frameB.png	1.0	1.0					
1629.9147712499998	1.5345557500002087	recognition_table	1629.4314674999998	71.0	143.0	1.0		7.0		2.0	3.0	1.3514133127755485	NB_1_frameA_foil.png	0.0	1.0					
1633.43927725	1.5347287499998856	recognition_table	1632.90603475	71.0	144.0	3.0		7.0		1.0	3.0	1.6793183308036532	HB_4_frameA.png	1.0	1.0					
1637.167317	1.5341295000000628	recognition_table	1636.6673895	71.0	145.0	1.0		2.0		1.0	3.0	1.3525344256340759	NB_28_frameB_foil.png	0.0	2.0					
1640.633726	1.533728999999994	recognition_table	1640.11716275	71.0	146.0	3.0		6.0		2.0	2.0	2.4115656561334617	HB_5_frameB_foil.png	0.0	1.0					
1645.13654675	1.534844000000021	recognition_table	1644.6366739999999	71.0	147.0	3.0		7.0		2.0	3.0	1.4586900869617239	HB_1_frameB_foil.png	0.0	1.0					
1648.6774847499998	1.534607000000051	recognition_table	1648.14424575	71.0	148.0	2.0		7.0		2.0	3.0	0.9176616375771118	SB_6_frameA_foil.png	0.0	1.0					
1651.66052825	1.5337717499999144	recognition_table	1651.1439655	71.0	149.0	3.0		5.0		2.0	1.0	1.5693706235324498	HB_4_frameB_foil.png	0.0	1.0					
1655.3452155	1.5336609999999382	recognition_table	1654.7786605	71.0	150.0	3.0		7.0		2.0	3.0	1.5467463298409712	HB_1_frameA_foil.png	0.0	1.0					
1659.0290479999999	1.5343442500000037	recognition_table	1658.5291527499999	71.0	151.0	1.0		2.0		1.0	3.0	1.3517909125803271	NB_24_frameB_foil.png	0.0	2.0					
1662.56646575	1.5344685000000027	recognition_table	1662.04990275	71.0	152.0	3.0		6.0		1.0	2.0	1.609738255821867	HB_5_frameB.png	1.0	1.0					
1666.2083539999999	1.5342370000000756	recognition_table	1665.725113	71.0	153.0	1.0		7.0		1.0	3.0	1.352213716643746	NB_27_frameB.png	1.0	1.0					
1669.5757995	1.53477625000005	recognition_table	1669.10922175	71.0	154.0	1.0		2.0		1.0	3.0	1.3558055881876498	NB_14_frameB_foil.png	0.0	2.0					
1673.04290425	1.5338612499999726	recognition_table	1672.5763304999998	71.0	155.0	2.0		2.0		2.0	3.0	1.4107358765322715	SB_4_frameA.png	1.0	2.0					
1676.5023052499998	1.533957250000185	recognition_table	1676.00241125	71.0	156.0	3.0		5.0		2.0	1.0	1.7516133344324771	HB_1_frameA_foil.png	0.0	1.0					
1680.4782189999999	1.5343010000001414	recognition_table	1679.92831575	71.0	157.0	2.0		6.0		2.0	2.0	1.6432911407755455	SB_3_frameA_foil.png	0.0	1.0					
1684.1707059999999	1.534634750000123	recognition_table	1683.67081725	71.0	158.0	3.0		5.0		2.0	1.0	1.872730363465962	HB_5_frameA_foil.png	0.0	1.0					
1688.27814825	1.5339232500000435	recognition_table	1687.7282559999999	71.0	159.0	2.0		4.0		1.0	1.0	1.9195835714344867	SB_2_frameA_foil.png	0.0	2.0					
1692.37797125	1.534469749999971	recognition_table	1691.8114225	71.0	160.0	1.0		6.0		1.0	2.0	1.3527118016063469	NB_9_frameB.png	1.0	1.0					
1695.8294979999998	1.5337120000001505	recognition_table	1695.27960325	71.0	161.0	2.0		2.0		2.0	3.0	1.5229621237376705	SB_1_frameB.png	1.0	2.0					
1699.42571475	1.534140750000006	recognition_table	1698.94247675	71.0	162.0	1.0		3.0		2.0	2.0	1.3523999876051676	NB_23_frameB.png	1.0	2.0					
1702.920259	1.53366949999986	recognition_table	1702.3870355	71.0	163.0	3.0		4.0		2.0	1.0	0.8107515492738457	HB_2_frameA.png	1.0	2.0					
1705.7806039999998	1.5347435000001042	recognition_table	1705.280707	71.0	164.0	1.0		2.0		1.0	3.0	1.3544572676182725	NB_26_frameB_foil.png	0.0	2.0					
1709.2174825	1.533871500000032	recognition_table	1708.684262	71.0	165.0	2.0		3.0		2.0	2.0	1.7264047557546292	SB_7_frameA.png	1.0	2.0					
1713.02583125	1.5346372499998324	recognition_table	1712.49260125	71.0	166.0	2.0		6.0		2.0	2.0	2.2343131275993073	SB_8_frameB_foil.png	0.0	1.0					
1717.4271924999998	1.5348472500002117	recognition_table	1716.8939584999998	71.0	167.0	1.0		7.0		1.0	3.0	1.352555921766907	NB_3_frameB.png	1.0	1.0					
1720.87862075	1.5346270000000004	recognition_table	1720.328734	71.0	168.0	1.0		3.0		1.0	2.0	1.3534524199785665	NB_8_frameB_foil.png	0.0	2.0					
1724.3144244999999	1.5341132500000185	recognition_table	1723.7812072499999	71.0	169.0	3.0		6.0		1.0	2.0	0.6513010094931815	HB_6_frameA.png	1.0	1.0					
1727.12957425	1.5336182500000177	recognition_table	1726.61300625	71.0	170.0	1.0		6.0		1.0	2.0	1.3537790051632328	NB_16_frameA.png	1.0	1.0					
1730.56523025	1.534417749999875	recognition_table	1730.03201425	71.0	171.0	1.0		2.0		2.0	3.0	1.351778863245272	NB_20_frameA.png	1.0	2.0					
1734.00000775	1.534473749999961	recognition_table	1733.4834395	71.0	172.0	1.0		7.0		1.0	3.0	1.3525009034347022	NB_29_frameB.png	1.0	1.0					
1737.4844437499999	1.5341479999999592	recognition_table	1736.90122275	71.0	173.0	3.0		4.0		2.0	1.0	2.012487725209212	HB_2_frameA.png	1.0	2.0					
1741.7103897499999	1.5345622500001355	recognition_table	1741.2271994999999	71.0	174.0	1.0		7.0		2.0	3.0	1.355708838236751	NB_30_frameB_foil.png	0.0	1.0					
1745.15102725	1.534136750000016	recognition_table	1744.65112075	71.0	175.0	2.0		2.0		2.0	3.0	1.4267447974270908	SB_3_frameA.png	1.0	2.0					
1748.609892	1.5346867499999917	recognition_table	1748.12665275	71.0	176.0	1.0		7.0		1.0	3.0	1.353193500006455	NB_21_frameB.png	1.0	1.0					
1752.0882032499999	1.4975660000000062	recognition_table	1751.53912775	71.0	177.0	2.0		4.0		2.0	1.0	1.2253672742663184	SB_30_frameA.png	1.0	2.0					
1755.498899	1.5390625	recognition_table	1754.88969125	71.0	178.0	2.0		2.0		1.0	3.0	0.8538374693162041	SB_30_frameB_foil.png	0.0	2.0					
1758.5142187499998	1.5058667499999956	recognition_table	1757.9678004999998	71.0	179.0	3.0		5.0		1.0	1.0	1.821238095712033	HB_30_frameB.png	1.0	1.0					
1762.4291974999999	1.5593932500000847	recognition_table	1761.8804315	71.0	180.0	3.0		2.0		1.0	3.0	0.8831095706991618	HB_30_frameA_foil.png	0.0	2.0					
1992.79645125	2.0348117499997898	timediscrimination_table	1992.2298905	72.0	1.0	3.0	2.0	7.0	2.0	2.0	3.0	1.7817440449725837	HB_14_ShortA.png							
1997.22783975	2.0340252500000133	timediscrimination_table	1996.6279619999998	72.0	2.0	3.0	2.0	7.0	2.0	2.0	3.0	1.7820820962951984	HB_45_ShortA.png							
2001.7931582499998	2.052072500000122	timediscrimination_table	2001.17660925	72.0	3.0	1.0	2.0	7.0	2.0	2.0	3.0	1.6828268109966302	NB_26_ShortA.png							
2006.2142812499999	2.033525999999938	timediscrimination_table	2005.58107925	72.0	4.0	1.0	1.0	2.0	1.0	2.0	3.0	1.6831186663621338	NB_25_LongA.png							
2010.79747675	2.035186749999866	timediscrimination_table	2010.08094575	72.0	5.0	1.0	2.0	6.0	2.0	2.0	2.0	1.6817010433151154	NB_3_LongA.png							
2015.2201182499998	2.0339397500001724	timediscrimination_table	2014.6369117499999	72.0	6.0	1.0	1.0	2.0	1.0	2.0	3.0	1.6812888213753467	NB_16_ShortA.png							
2019.5609742499998	2.034112499999992	timediscrimination_table	2019.0110894999998	72.0	7.0	2.0	2.0	6.0	2.0	2.0	2.0	1.1066239442152437	SB_34_LongA.png							
2023.3309722499998	2.0336337500000354	timediscrimination_table	2022.7810845	72.0	8.0	1.0	2.0	7.0	2.0	2.0	3.0	1.6828161822486436	NB_19_ShortA.png							
2027.74566175	2.0344822499998827	timediscrimination_table	2027.1124592499998	72.0	9.0	3.0	2.0	6.0	2.0	2.0	2.0	1.783379493674147	HB_39_LongA.png							
2032.1277424999998	2.034260500000073	timediscrimination_table	2031.5778512499999	72.0	10.0	2.0	2.0	7.0	2.0	2.0	3.0	1.1510997912409948	SB_40_LongA.png							
2035.8273567499998	2.0345790000001216	timediscrimination_table	2035.32744775	72.0	11.0	3.0	2.0	7.0	2.0	2.0	3.0	1.7822963345388416	HB_24_ShortA.png							
2040.29582425	2.033636500000057	timediscrimination_table	2039.71260175	72.0	12.0	1.0	2.0	7.0	2.0	2.0	3.0	1.6836586024437565	NB_7_LongA.png							
2044.64598675	2.0335529999999835	timediscrimination_table	2044.146137	72.0	13.0	2.0	1.0	2.0	1.0	2.0	3.0	0.9188100441097049	SB_47_ShortA.png							
2048.1300002499997	2.033681500000057	timediscrimination_table	2047.630109	72.0	14.0	1.0	1.0	3.0	1.0	2.0	2.0	1.6818381471530301	NB_11_ShortA.png							
2052.41259825	2.0346982500000195	timediscrimination_table	2051.8627005	72.0	15.0	3.0	2.0	7.0	2.0	2.0	3.0	1.7811971482005902	HB_40_LongA.png							
2056.9261524999997	2.034190750000107	timediscrimination_table	2056.3429432499997	72.0	16.0	1.0	1.0	2.0	1.0	2.0	3.0	1.6814397795969853	NB_16_LongA.png							
2061.3102384999997	2.034806500000286	timediscrimination_table	2060.72702025	72.0	17.0	2.0	1.0	2.0	1.0	2.0	3.0	0.6857136666658334	SB_7_ShortA.png							
2064.68476625	2.034301499999856	timediscrimination_table	2064.08488175	72.0	18.0	1.0	2.0	6.0	2.0	2.0	2.0	1.6822462063719286	NB_4_ShortA.png							
2069.1648219999997	2.034106999999949	timediscrimination_table	2068.54828075	72.0	19.0	3.0	1.0	3.0	1.0	2.0	2.0	1.7840778392273933	HB_22_LongA.png							
2073.5316915	2.0343450000000303	timediscrimination_table	2072.9984765	72.0	20.0	1.0	1.0	2.0	1.0	2.0	3.0	1.6813050551863853	NB_15_ShortA.png							
2077.84512375	2.034598250000272	timediscrimination_table	2077.261905	72.0	21.0	2.0	1.0	3.0	1.0	2.0	2.0	1.5218000513123116	SB_36_ShortA.png							
2082.04754	2.033543749999808	timediscrimination_table	2081.48099525	72.0	22.0	2.0	1.0	2.0	1.0	2.0	3.0	1.8176815870247083	SB_12_ShortA.png							
2086.5662635	2.0337197499998183	timediscrimination_table	2085.98305275	72.0	23.0	3.0	2.0	7.0	2.0	2.0	3.0	1.781351067169453	HB_20_ShortA.png							
2091.0130765	2.035071499999958	timediscrimination_table	2090.3965205	72.0	24.0	2.0	2.0	7.0	2.0	2.0	3.0	1.4058608570194338	SB_53_ShortA.png							
2095.035452	2.0342352499997105	timediscrimination_table	2094.51889175	72.0	25.0	3.0	1.0	2.0	1.0	2.0	3.0	1.7815253599255811	HB_1_LongA.png							
2099.3823227499997	2.0343495000001894	timediscrimination_table	2098.86577025	72.0	26.0	3.0	1.0	2.0	1.0	2.0	3.0	1.7825364087620983	HB_46_ShortA.png							
2103.8567505	2.0342609999997876	timediscrimination_table	2103.2568635	72.0	27.0	2.0	2.0	6.0	2.0	2.0	2.0	1.0515477372100577	SB_58_ShortA.png							
2107.5175959999997	2.033386750000318	timediscrimination_table	2107.0010322499998	72.0	28.0	3.0	1.0	3.0	1.0	2.0	2.0	1.7806773147458443	HB_27_LongA.png							
2111.9325275	2.034469999999601	timediscrimination_table	2111.382643	72.0	29.0	2.0	1.0	2.0	1.0	2.0	3.0	0.8394274338788819	SB_59_LongA.png							
2115.4250945	2.0340692499999022	timediscrimination_table	2114.8918694999998	72.0	30.0	1.0	1.0	2.0	1.0	2.0	3.0	1.6814259536040481	NB_24_ShortA.png							
2119.72178825	2.0337759999997616	timediscrimination_table	2119.15522725	72.0	31.0	3.0	1.0	2.0	1.0	2.0	3.0	1.7821358045766829	HB_50_LongA.png							
2124.10259025	2.0346622499996556	timediscrimination_table	2123.55270425	72.0	32.0	3.0	1.0	3.0	1.0	2.0	2.0	1.7819617263739929	HB_26_ShortA.png							
2128.60703775	2.0344922499998574	timediscrimination_table	2128.07381875	72.0	33.0	1.0	1.0	3.0	1.0	2.0	2.0	1.6824993939953856	NB_14_LongA.png							
2132.9127937499998	2.033980749999955	timediscrimination_table	2132.37957	72.0	34.0	3.0	1.0	3.0	1.0	2.0	2.0	1.783996295169345	HB_10_ShortA.png							
2137.26655825	2.0347877499998503	timediscrimination_table	2136.78332775	72.0	35.0	2.0	1.0	2.0	1.0	2.0	3.0	0.9125784369098255	SB_18_LongA.png							
2140.844323	2.0346050000002833	timediscrimination_table	2140.22778025	72.0	36.0	1.0	2.0	7.0	2.0	2.0	3.0	1.6818380876793526	NB_28_LongA.png							
2145.257503	2.0334860000002664	timediscrimination_table	2144.62429425	72.0	37.0	2.0	1.0	3.0	1.0	2.0	2.0	2.1087581355532166	SB_27_LongA.png							
2150.15828775	2.0338317499999903	timediscrimination_table	2149.52508975	72.0	38.0	2.0	1.0	3.0	1.0	2.0	2.0	1.3799377484974684	SB_52_LongA.png							
2154.22542775	2.033708250000018	timediscrimination_table	2153.658872	72.0	39.0	3.0	2.0	7.0	2.0	2.0	3.0	1.7832113483309513	HB_30_LongA.png							
2158.540664	2.034184749999895	timediscrimination_table	2158.0574425	72.0	40.0	3.0	1.0	2.0	1.0	2.0	3.0	1.7823829786648275	HB_29_LongA.png							
2162.938425	2.0348907500001587	timediscrimination_table	2162.37186325	72.0	41.0	3.0	2.0	7.0	2.0	2.0	3.0	1.7809479359275429	HB_60_ShortA.png							
2167.47430475	2.0334279999997307	timediscrimination_table	2166.87441425	72.0	42.0	2.0	2.0	7.0	2.0	2.0	3.0	0.8674878779129358	SB_17_LongA.png							
2171.0536872499997	2.033585750000384	timediscrimination_table	2170.4704792499997	72.0	43.0	3.0	2.0	3.0	1.0	1.0	2.0	1.7825038576993393	HB_35_LongA.png							
2175.51626575	2.0337807500000054	timediscrimination_table	2174.933056	72.0	44.0	3.0	2.0	2.0	1.0	1.0	3.0	1.7816548836417496	HB_41_LongA.png							
2179.8296775	2.0338857500000813	timediscrimination_table	2179.3464405	72.0	45.0	3.0	1.0	3.0	1.0	2.0	2.0	1.781490692475927	HB_52_ShortA.png							
2184.2263374999998	2.0341670000002523	timediscrimination_table	2183.6597807499998	72.0	46.0	1.0	2.0	7.0	2.0	2.0	3.0	1.682389128851355	NB_5_ShortA.png							
2188.62750075	2.0343189999998685	timediscrimination_table	2188.11092925	72.0	47.0	3.0	1.0	7.0	2.0	1.0	3.0	1.7802003755205078	HB_7_LongA.png							
2193.21903725	2.0340362500000992	timediscrimination_table	2192.552511	72.0	48.0	1.0	1.0	2.0	1.0	2.0	3.0	1.681629156024428	NB_28_ShortA.png							
2197.7126325	2.034712749999926	timediscrimination_table	2197.0460924999998	72.0	49.0	2.0	2.0	7.0	2.0	2.0	3.0	0.850532497453969	SB_15_ShortA.png							
2201.1400125	2.0338167499999145	timediscrimination_table	2200.6567474999997	72.0	50.0	1.0	1.0	2.0	1.0	2.0	3.0	1.6824323890614323	NB_10_ShortA.png							
2205.4202379999997	2.034746250000353	timediscrimination_table	2204.920339	72.0	51.0	2.0	2.0	7.0	2.0	2.0	3.0	1.0130901689553866	SB_13_LongA.png							
2209.0817954999998	2.0349340000002485	timediscrimination_table	2208.4819254999998	72.0	52.0	3.0	2.0	7.0	2.0	2.0	3.0	1.7797831817588303	HB_44_LongA.png							
2213.5970469999997	2.035011250000025	timediscrimination_table	2213.030503	72.0	53.0	1.0	2.0	6.0	2.0	2.0	2.0	1.682253249673522	NB_22_ShortA.png							
2217.9504147499997	2.0338424999999916	timediscrimination_table	2217.3838845	72.0	54.0	3.0	1.0	6.0	2.0	1.0	2.0	1.7823358960595215	HB_2_ShortA.png							
2222.3146214999997	2.0344270000000506	timediscrimination_table	2221.7813874999997	72.0	55.0	1.0	2.0	6.0	2.0	2.0	2.0	1.6823824346502079	NB_17_LongA.png							
2226.5877955	2.033775749999677	timediscrimination_table	2226.08789575	72.0	56.0	3.0	2.0	2.0	1.0	1.0	3.0	1.7824358101497637	HB_9_LongA.png							
2231.0211047499997	2.0335057500001312	timediscrimination_table	2230.47120925	72.0	57.0	1.0	2.0	7.0	2.0	2.0	3.0	1.6828665151406312	NB_19_LongA.png							
2235.365307	2.0347619999997733	timediscrimination_table	2234.7987555	72.0	58.0	3.0	2.0	2.0	1.0	1.0	3.0	1.7816341544385068	HB_25_ShortA.png							
2239.76265775	2.033472499999789	timediscrimination_table	2239.196114	72.0	59.0	3.0	2.0	7.0	2.0	2.0	3.0	1.782614439202007	HB_56_ShortA.png							
2244.3218659999998	2.0335472500000833	timediscrimination_table	2243.6886677499997	72.0	60.0	2.0	1.0	2.0	1.0	2.0	3.0	1.2419395006727427	SB_48_ShortA.png							
2248.3224495	2.033676749999813	timediscrimination_table	2247.70590225	72.0	61.0	1.0	1.0	2.0	1.0	2.0	3.0	1.6826442318997579	NB_27_ShortA.png							
2252.7044705	2.0338339999998425	timediscrimination_table	2252.1045845	72.0	62.0	2.0	2.0	6.0	2.0	2.0	2.0	2.2174003179825377	SB_10_ShortA.png							
2257.55368	2.0335359999999127	timediscrimination_table	2256.970507	72.0	63.0	3.0	1.0	3.0	1.0	2.0	2.0	1.7823065299598966	HB_43_LongA.png							
2261.93463325	2.0337024999998903	timediscrimination_table	2261.3847575	72.0	64.0	3.0	1.0	7.0	2.0	1.0	3.0	1.7806580955948448	HB_34_LongA.png							
2266.5418955	2.034523750000062	timediscrimination_table	2265.8586957499997	72.0	65.0	3.0	1.0	7.0	2.0	1.0	3.0	1.7808110762562137	HB_18_ShortA.png							
2270.9544685	2.0349977500000023	timediscrimination_table	2270.37124275	72.0	66.0	2.0	1.0	3.0	1.0	2.0	2.0	1.355075039085932	SB_30_LongA.png							
2274.9525074999997	2.0338455000000977	timediscrimination_table	2274.402626	72.0	67.0	3.0	1.0	2.0	1.0	2.0	3.0	1.7831393720261985	HB_48_ShortA.png							
2279.301015	2.0342319999999745	timediscrimination_table	2278.7844525	72.0	68.0	2.0	1.0	3.0	1.0	2.0	2.0	0.7954787449125433	SB_42_LongA.png							
2282.81899475	2.0348572499997317	timediscrimination_table	2282.23577725	72.0	69.0	3.0	2.0	3.0	1.0	1.0	2.0	1.782443394724396	HB_33_LongA.png							
2287.38504125	2.033563249999588	timediscrimination_table	2286.785161	72.0	70.0	1.0	2.0	2.0	1.0	1.0	3.0	1.6808634512854042	NB_9_ShortA.png							
2291.61472625	2.0342610000002423	timediscrimination_table	2291.11482475	72.0	71.0	1.0	1.0	2.0	1.0	2.0	3.0	1.6833461817586794	NB_30_LongA.png							
2295.96013	2.034313249999741	timediscrimination_table	2295.39358025	72.0	72.0	1.0	2.0	2.0	1.0	1.0	3.0	1.6810833281779196	NB_27_LongA.png							
2300.273025	2.033404750000045	timediscrimination_table	2299.68977025	72.0	73.0	1.0	2.0	7.0	2.0	2.0	3.0	1.6806985932198586	NB_17_ShortA.png							
2304.74947625	2.034273249999842	timediscrimination_table	2304.1829045	72.0	74.0	1.0	1.0	2.0	1.0	2.0	3.0	1.6827060251234798	NB_20_LongA.png							
2309.1033104999997	2.034797250000338	timediscrimination_table	2308.52009925	72.0	75.0	1.0	1.0	2.0	1.0	2.0	3.0	1.6814238870865665	NB_14_ShortA.png							
2313.4504052499997	2.0345250000000306	timediscrimination_table	2312.8338575	72.0	76.0	3.0	1.0	2.0	1.0	2.0	3.0	1.7816921277262736	HB_5_LongA.png							
2317.9664359999997	2.0337255000004006	timediscrimination_table	2317.316562	72.0	77.0	3.0	2.0	2.0	1.0	1.0	3.0	1.780987797639682	HB_19_ShortA.png							
2322.48523725	2.0334469999997964	timediscrimination_table	2321.9353475	72.0	78.0	1.0	1.0	3.0	1.0	2.0	2.0	1.680601898158784	NB_30_ShortA.png							
2326.768504	2.0336302499999874	timediscrimination_table	2326.25195475	72.0	79.0	1.0	1.0	7.0	2.0	1.0	3.0	1.6819681415654486	NB_26_LongA.png							
2331.10761375	2.0346262499997465	timediscrimination_table	2330.557734	72.0	80.0	3.0	1.0	3.0	1.0	2.0	2.0	1.7822503774950746	HB_42_ShortA.png							
2335.4722724999997	2.033504250000078	timediscrimination_table	2334.939047	72.0	81.0	3.0	1.0	6.0	2.0	1.0	2.0	1.7822376628027996	HB_6_ShortA.png							
2339.99497325	2.034158750000188	timediscrimination_table	2339.3784299999998	72.0	82.0	2.0	1.0	2.0	1.0	2.0	3.0	1.0209668260940816	SB_1_ShortA.png							
2343.6821394999997	2.0338705000003756	timediscrimination_table	2343.09892025	72.0	83.0	3.0	2.0	7.0	2.0	2.0	3.0	1.7802075277431868	HB_21_LongA.png							
2348.027513	2.0334632499998406	timediscrimination_table	2347.51095075	72.0	84.0	1.0	1.0	2.0	1.0	2.0	3.0	1.6833569592417916	NB_22_LongA.png							
2352.29364175	2.034994749999896	timediscrimination_table	2351.7604125	72.0	85.0	3.0	2.0	6.0	2.0	2.0	2.0	1.7829126417491352	HB_57_LongA.png							
2356.641615	2.033384500000011	timediscrimination_table	2356.12505725	72.0	86.0	3.0	2.0	6.0	2.0	2.0	2.0	1.7820591387717286	HB_8_ShortA.png							
2361.09582125	2.0346487500000876	timediscrimination_table	2360.512607	72.0	87.0	3.0	1.0	7.0	2.0	1.0	3.0	1.7823236479889601	HB_13_LongA.png							
2365.5116412499997	2.0336205000003247	timediscrimination_table	2364.9950825	72.0	88.0	2.0	2.0	6.0	2.0	2.0	2.0	0.9081586298852926	SB_37_ShortA.png							
2369.13712825	2.033861999999772	timediscrimination_table	2368.5705614999997	72.0	89.0	2.0	1.0	7.0	2.0	1.0	3.0	1.9223817694874015	SB_4_ShortA.png							
2373.75815975	2.0334952500002146	timediscrimination_table	2373.10829875	72.0	90.0	2.0	2.0	2.0	1.0	1.0	3.0	2.214134279609425	SB_16_ShortA.png							
2378.537652	2.033753499999875	timediscrimination_table	2378.021135	72.0	91.0	2.0	2.0	6.0	2.0	2.0	2.0	2.0099325151822995	SB_8_LongA.png							
2383.22790575	2.0335267499999645	timediscrimination_table	2382.69467975	72.0	92.0	1.0	1.0	2.0	1.0	2.0	3.0	1.682660821301397	NB_2_LongA.png							
2387.55944525	2.033711999999923	timediscrimination_table	2386.9595784999997	72.0	93.0	3.0	1.0	7.0	2.0	1.0	3.0	1.7807216121145757	HB_31_ShortA.png							
2391.97254575	2.033296000000064	timediscrimination_table	2391.45591925	72.0	94.0	2.0	1.0	7.0	2.0	1.0	3.0	1.1877669213281479	SB_50_LongA.png							
2395.80895675	2.033519999999953	timediscrimination_table	2395.2090897499997	72.0	95.0	2.0	1.0	3.0	1.0	2.0	2.0	1.8644858746411046	SB_57_LongA.png							
2400.32196025	2.033517750000101	timediscrimination_table	2399.7220777499997	72.0	96.0	3.0	2.0	2.0	1.0	1.0	3.0	1.7835941891389666	HB_59_LongA.png							
2404.8543455	2.0337899999999536	timediscrimination_table	2404.154492	72.0	97.0	1.0	1.0	2.0	1.0	2.0	3.0	1.6825115762912901	NB_15_LongA.png							
2409.21265425	2.0347322499997063	timediscrimination_table	2408.64609825	72.0	98.0	2.0	1.0	2.0	1.0	2.0	3.0	1.3177943298505852	SB_54_LongA.png							
2413.18997175	2.034551249999822	timediscrimination_table	2412.69008425	72.0	99.0	3.0	1.0	6.0	2.0	1.0	2.0	1.782809025287861	HB_12_LongA.png							
2417.604692	2.0342169999998987	timediscrimination_table	2417.0214834999997	72.0	100.0	2.0	1.0	6.0	2.0	1.0	2.0	1.2805382311053108	SB_51_ShortA.png							
2421.4505062499998	2.0333557500002826	timediscrimination_table	2420.933936	72.0	101.0	3.0	2.0	2.0	1.0	1.0	3.0	1.781200595694827	HB_37_LongA.png							
2425.8723845	2.0340189999997165	timediscrimination_table	2425.30582075	72.0	102.0	1.0	2.0	2.0	1.0	1.0	3.0	1.6812120105169015	NB_6_ShortA.png							
2430.168871	2.034650749999855	timediscrimination_table	2429.60232275	72.0	103.0	3.0	1.0	7.0	2.0	1.0	3.0	1.7818024836451514	HB_38_ShortA.png							
2434.5530974999997	2.0337075000002187	timediscrimination_table	2434.0365165	72.0	104.0	1.0	2.0	7.0	2.0	2.0	3.0	1.6814053040725412	NB_11_LongA.png							
2438.83849275	2.033440249999785	timediscrimination_table	2438.338588	72.0	105.0	1.0	1.0	2.0	1.0	2.0	3.0	1.6826805807795608	NB_6_LongA.png							
2443.119844	2.0337085000001025	timediscrimination_table	2442.5699489999997	72.0	106.0	1.0	1.0	7.0	2.0	1.0	3.0	1.6829784354631556	NB_7_ShortA.png							
2447.447016	2.034475499999644	timediscrimination_table	2446.9471275	72.0	107.0	1.0	2.0	3.0	1.0	1.0	2.0	1.6828215613495559	NB_8_ShortA.png							
2451.82835725	2.03409449999981	timediscrimination_table	2451.29513175	72.0	108.0	2.0	1.0	2.0	1.0	2.0	3.0	0.8657859212544281	SB_2_LongA.png							
2455.464352	2.033444000000145	timediscrimination_table	2454.8644529999997	72.0	109.0	3.0	1.0	6.0	2.0	1.0	2.0	1.7814037015923532	HB_55_LongA.png							
2459.9817104999997	2.0336607500003083	timediscrimination_table	2459.33186875	72.0	110.0	2.0	1.0	2.0	1.0	2.0	3.0	1.2296487574640196	SB_29_ShortA.png							
2463.916829	2.0344840000002478	timediscrimination_table	2463.3169439999997	72.0	111.0	2.0	1.0	7.0	2.0	1.0	3.0	0.9984132389799925	SB_28_LongA.png							
2467.54740175	2.0335009999998874	timediscrimination_table	2466.96418125	72.0	112.0	1.0	2.0	2.0	1.0	1.0	3.0	1.6824105309060542	NB_9_LongA.png							
2471.870832	2.0334594999999354	timediscrimination_table	2471.38760275	72.0	113.0	1.0	2.0	7.0	2.0	2.0	3.0	1.681247431813972	NB_12_ShortA.png							
2476.20001825	2.034674999999879	timediscrimination_table	2475.6501155	72.0	114.0	1.0	2.0	7.0	2.0	2.0	3.0	1.6818635189265478	NB_1_ShortA.png							
2480.4812545	2.0334170000000995	timediscrimination_table	2479.98134975	72.0	115.0	2.0	1.0	3.0	1.0	2.0	2.0	1.2362826653552474	SB_21_ShortA.png							
2484.3326635	2.034077249999882	timediscrimination_table	2483.7661132499998	72.0	116.0	3.0	1.0	7.0	2.0	1.0	3.0	1.782402864395408	HB_54_ShortA.png							
2488.7363265	2.033542000000125	timediscrimination_table	2488.20310625	72.0	117.0	3.0	1.0	3.0	1.0	2.0	2.0	1.7827811910829041	HB_4_LongA.png							
2493.1638197499997	2.034422000000177	timediscrimination_table	2492.630592	72.0	118.0	2.0	1.0	2.0	1.0	2.0	3.0	1.0606824937422061	SB_43_ShortA.png							
2496.9906674999997	2.033339750000323	timediscrimination_table	2496.39078825	72.0	119.0	3.0	2.0	2.0	1.0	1.0	3.0	1.782356685900595	HB_3_ShortA.png							
2501.473465	2.033556249999947	timediscrimination_table	2500.87356675	72.0	120.0	3.0	1.0	7.0	2.0	1.0	3.0	1.7824579184816685	HB_36_ShortA.png							
2505.854942	2.0334655000001476	timediscrimination_table	2505.3050842499997	72.0	121.0	2.0	1.0	3.0	1.0	2.0	2.0	1.191468023651396	SB_31_LongA.png							
2509.71329225	2.033894749999945	timediscrimination_table	2509.163427	72.0	122.0	1.0	1.0	2.0	1.0	2.0	3.0	1.6829087982478086	NB_12_LongA.png							
2514.0804715	2.034704249999777	timediscrimination_table	2513.530577	72.0	123.0	1.0	1.0	6.0	2.0	1.0	2.0	1.683042286997079	NB_5_LongA.png							
2518.47173075	2.033645499999693	timediscrimination_table	2517.90517	72.0	124.0	1.0	2.0	2.0	1.0	1.0	3.0	1.6822976924449904	NB_24_LongA.png							
2522.91230775	2.033590500000173	timediscrimination_table	2522.31243	72.0	125.0	1.0	2.0	2.0	1.0	1.0	3.0	1.6820839097781572	NB_2_ShortA.png							
2527.27623675	2.0343352499999128	timediscrimination_table	2526.64301975	72.0	126.0	2.0	2.0	2.0	1.0	1.0	3.0	0.6510199219774222	SB_35_ShortA.png							
2530.609012	2.034527750000052	timediscrimination_table	2529.9758147499997	72.0	127.0	2.0	2.0	2.0	1.0	1.0	3.0	1.5674229702271987	SB_56_ShortA.png							
2534.87495925	2.0334367499999644	timediscrimination_table	2534.22509	72.0	128.0	1.0	2.0	7.0	2.0	2.0	3.0	1.6822586684138514	NB_21_LongA.png							
2539.3648749999998	2.033582000000024	timediscrimination_table	2538.7483395	72.0	129.0	2.0	1.0	6.0	2.0	1.0	2.0	0.7824499988637399	SB_22_ShortA.png							
2542.84573225	2.0338120000001254	timediscrimination_table	2542.3125017499997	72.0	130.0	3.0	1.0	6.0	2.0	1.0	2.0	1.7825185714027612	HB_51_ShortA.png							
2547.37143075	2.0336332500000935	timediscrimination_table	2546.7882135	72.0	131.0	3.0	1.0	3.0	1.0	2.0	2.0	1.7809542597387917	HB_17_ShortA.png							
2551.72596625	2.034306999999899	timediscrimination_table	2551.24272425	72.0	132.0	2.0	2.0	2.0	1.0	1.0	3.0	1.483134411915671	SB_24_ShortA.png							
2555.8761485	2.0337264999998297	timediscrimination_table	2555.34291475	72.0	133.0	2.0	1.0	3.0	1.0	2.0	2.0	1.0666689262725413	SB_5_ShortA.png							
2559.5425312499997	2.03345950000039	timediscrimination_table	2559.0759494999998	72.0	134.0	2.0	1.0	7.0	2.0	1.0	3.0	0.9701638614351396	SB_3_LongA.png							
2563.2215377499997	2.034473000000162	timediscrimination_table	2562.6216637499997	72.0	135.0	1.0	2.0	7.0	2.0	2.0	3.0	1.6816551518713823	NB_18_LongA.png							
2567.58026025	2.033443249999891	timediscrimination_table	2567.0470124999997	72.0	136.0	1.0	2.0	3.0	1.0	1.0	2.0	1.6826375126693165	NB_4_LongA.png							
2571.92923475	2.034132750000026	timediscrimination_table	2571.4126855	72.0	137.0	2.0	2.0	2.0	1.0	1.0	3.0	0.5329699431167683	SB_46_LongA.png							
2575.2274494999997	2.0335972500001844	timediscrimination_table	2574.61091275	72.0	138.0	3.0	1.0	2.0	1.0	2.0	3.0	1.7826898942294065	HB_16_LongA.png							
2579.7108915	2.0343754999998964	timediscrimination_table	2579.11103125	72.0	139.0	1.0	2.0	7.0	2.0	2.0	3.0	1.6821734483237378	NB_13_LongA.png							
2583.99641775	2.0341174999998657	timediscrimination_table	2583.4965865	72.0	140.0	3.0	1.0	2.0	1.0	2.0	3.0	1.7811563185387058	HB_11_ShortA.png							
2588.4764084999997	2.0345922500000597	timediscrimination_table	2587.8265364999997	72.0	141.0	2.0	2.0	7.0	2.0	2.0	3.0	1.2043803925917018	SB_41_shortA.png							
2592.3169605	2.0345052500001657	timediscrimination_table	2591.83371675	72.0	142.0	1.0	2.0	3.0	1.0	1.0	2.0	1.6823547764361138	NB_8_LongA.png							
2596.53129125	2.0335187499999847	timediscrimination_table	2596.04806525	72.0	143.0	3.0	2.0	2.0	1.0	1.0	3.0	1.782595547105302	HB_49_LongA.png							
2600.9707295	2.0344692500002566	timediscrimination_table	2600.420834	72.0	144.0	3.0	1.0	2.0	1.0	2.0	3.0	1.780940889613703	HB_15_LongA.png							
2605.4086897499997	2.0343887500002893	timediscrimination_table	2604.8588019999997	72.0	145.0	1.0	1.0	7.0	2.0	1.0	3.0	1.6818978469673311	NB_20_ShortA.png							
2609.7791405	2.0334507500001564	timediscrimination_table	2609.24590325	72.0	146.0	1.0	2.0	2.0	1.0	1.0	3.0	1.6822431239124853	NB_13_ShortA.png							
2614.2201259999997	2.034171000000242	timediscrimination_table	2613.586917	72.0	147.0	3.0	1.0	2.0	1.0	2.0	3.0	1.7830644909554394	HB_47_ShortA.png							
2618.71735925	2.034665749999931	timediscrimination_table	2618.100818	72.0	148.0	3.0	1.0	2.0	1.0	2.0	3.0	1.782406646234449	HB_58_ShortA.png							
2623.2722652499997	2.0341990000001715	timediscrimination_table	2622.7223719999997	72.0	149.0	1.0	2.0	2.0	1.0	1.0	3.0	1.6815511750319274	NB_3_ShortA.png							
2627.55235925	2.033601749999889	timediscrimination_table	2627.00246075	72.0	150.0	2.0	2.0	3.0	1.0	1.0	2.0	1.7326748350897105	SB_38_ShortA.png							
2631.93383275	2.033589749999919	timediscrimination_table	2631.3839599999997	72.0	151.0	3.0	1.0	6.0	2.0	1.0	2.0	1.7827669577527558	HB_32_ShortA.png							
2636.32304475	2.033797499999764	timediscrimination_table	2635.8231447499998	72.0	152.0	2.0	1.0	3.0	1.0	2.0	2.0	2.063154844712699	SB_44_ShortA.png							
2641.0680107499998	2.0345177500003047	timediscrimination_table	2640.4348017499997	72.0	153.0	2.0	1.0	7.0	2.0	1.0	3.0	1.5699118029151578	SB_33_LongA.png							
2645.3733792499997	2.033865750000132	timediscrimination_table	2644.7401675	72.0	154.0	1.0	1.0	7.0	2.0	1.0	3.0	1.6831959974078927	NB_29_ShortA.png							
2649.7422942499998	2.034571500000311	timediscrimination_table	2649.1757224999997	72.0	155.0	1.0	1.0	2.0	1.0	2.0	3.0	1.6818021667422727	NB_18_ShortA.png							
2654.0716225	2.0336797499999193	timediscrimination_table	2653.5383952499997	72.0	156.0	2.0	2.0	7.0	2.0	2.0	3.0	0.7856743623415241	SB_32_LongA.png							
2657.4676194999997	2.034115500000098	timediscrimination_table	2656.93439425	72.0	157.0	2.0	2.0	2.0	1.0	1.0	3.0	1.242271287017502	SB_26_LongA.png							
2661.40111325	2.0345847499997944	timediscrimination_table	2660.801243	72.0	158.0	2.0	1.0	6.0	2.0	1.0	2.0	1.8134132819832303	SB_23_LongA.png							
2665.86328275	2.0509964999996555	timediscrimination_table	2665.28006925	72.0	159.0	2.0	2.0	3.0	1.0	1.0	2.0	1.5544879898952786	SB_55_LongA.png							
2670.111	2.0342672500000845	timediscrimination_table	2669.5611225	72.0	160.0	2.0	1.0	6.0	2.0	1.0	2.0	1.0665673502953723	SB_25_LongA.png							
2673.7760304999997	2.0340595000002395	timediscrimination_table	2673.22620725	72.0	161.0	2.0	2.0	2.0	1.0	1.0	3.0	1.4352650560176698	SB_19_LongA.png							
2677.9760575	2.034474749999845	timediscrimination_table	2677.376185	72.0	162.0	1.0	2.0	7.0	2.0	2.0	3.0	1.6825295758899301	NB_1_LongA.png							
2682.22486975	2.0339312500000233	timediscrimination_table	2681.7083095	72.0	163.0	2.0	1.0	2.0	1.0	2.0	3.0	1.7264713771437528	SB_45_ShortA.png							
2686.6331754999997	2.0336967500002174	timediscrimination_table	2685.99997975	72.0	164.0	1.0	1.0	7.0	2.0	1.0	3.0	1.680569510703208	NB_23_ShortA.png							
2691.0717219999997	2.033776250000301	timediscrimination_table	2690.4385165	72.0	165.0	1.0	2.0	2.0	1.0	1.0	3.0	1.6827422595961252	NB_21_ShortA.png							
2695.447037	2.0339167500001167	timediscrimination_table	2694.93047	72.0	166.0	2.0	1.0	2.0	1.0	2.0	3.0	1.1693121158168651	SB_6_LongA.png							
2699.215042	2.034602000000177	timediscrimination_table	2698.66517475	72.0	167.0	3.0	2.0	2.0	1.0	1.0	3.0	1.7813466938823694	HB_53_LongA.png							
2703.6108234999997	2.03436099999999	timediscrimination_table	2703.09426075	72.0	168.0	2.0	1.0	2.0	1.0	2.0	3.0	1.0115920217940584	SB_39_LongA.png							
2707.3604527499997	2.0342030000001614	timediscrimination_table	2706.7938985	72.0	169.0	1.0	2.0	2.0	1.0	1.0	3.0	1.6817376986291492	NB_10_LongA.png							
2711.81468825	2.033645499999693	timediscrimination_table	2711.2148079999997	72.0	170.0	2.0	2.0	2.0	1.0	1.0	3.0	0.9866606458672322	SB_9_ShortA.png							
2715.543456	2.034596750000219	timediscrimination_table	2714.96025875	72.0	171.0	2.0	2.0	6.0	2.0	2.0	2.0	1.5592317205155268	SB_49_ShortA.png							
2719.7513237499998	2.0333574999999655	timediscrimination_table	2719.1514555	72.0	172.0	3.0	2.0	2.0	1.0	1.0	3.0	1.7827594579284778	HB_28_LongA.png							
2724.109528	2.033786749999763	timediscrimination_table	2723.6263045	72.0	173.0	1.0	2.0	7.0	2.0	2.0	3.0	1.6824662061408162	NB_29_LongA.png							
2728.4331159999997	2.0337047500001972	timediscrimination_table	2727.8998895	72.0	174.0	2.0	1.0	6.0	2.0	1.0	2.0	1.5496432605868904	SB_20_LongA.png							
2732.6996695	2.033884500000113	timediscrimination_table	2732.06641675	72.0	175.0	3.0	2.0	7.0	2.0	2.0	3.0	1.781271676547476	HB_23_ShortA.png							
2737.01317075	2.033846750000066	timediscrimination_table	2736.52992975	72.0	176.0	1.0	1.0	2.0	1.0	2.0	3.0	1.6816938252741238	NB_23_LongA.png							
2741.4390795	2.03457649999973	timediscrimination_table	2740.80587525	72.0	177.0	2.0	2.0	2.0	1.0	1.0	3.0	1.1246224661299493	SB_11_ShortA.png							
2745.1956044999997	2.033783500000027	timediscrimination_table	2744.6123844999997	72.0	178.0	1.0	2.0	2.0	1.0	1.0	3.0	1.6825120074063307	NB_25_ShortA.png							
2749.5865745	2.039894749999803	timediscrimination_table	2748.9611755	72.0	179.0	2.0	1.0	2.0	1.0	2.0	3.0	0.6797139270493062	SB_30_ShortA.png							
2752.9054455	2.079789500000061	timediscrimination_table	2752.323981	72.0	180.0	2.0	2.0	7.0	2.0	2.0	3.0	1.3822032704338199	SB_30_LongA.png							
